stations,lon,lat,year,hour,PM25
2700A,75.9435,39.4365,20180101,12,245
2698A,75.9828,39.5371,20180101,12,134
2697A,76.1861,39.7153,20180101,12,64
2702A,79.9117,37.1013,20180101,12,182
2630A,80.1161,32.5,20180101,12,65
2695A,80.2828,41.1636,20180101,12,70
2696A,80.2956,41.1933,20180101,12,107
2703A,81.2815,43.9404,20180101,12,151
2704A,81.2867,43.895,20180101,12,136
2693A,82.0485,44.9079,20180101,12,27
2694A,82.0806,44.8969,20180101,12,47
2706A,82.9994,46.7432,20180101,12,36
1951A,84.8861,45.6033,20180101,12,47
1952A,84.8897,45.5828,20180101,12,36
1954A,84.8983,44.3336,20180101,12,26
1953A,85.1186,45.6886,20180101,12,41
2709A,86.0497,44.2967,20180101,12,118
2710A,86.0697,44.3075,20180101,12,86
1956A,86.1461,41.7511,20180101,12,79
1957A,86.2022,41.7192,20180101,12,52
1958A,86.2381,41.7128,20180101,12,54
2692A,87.2717,44.0297,20180101,12,138
2691A,87.2997,44.0114,20180101,12,168
3033A,87.4651,43.4569,20180101,12,17
1492A,87.4754,43.9469,20180101,12,139
2711A,87.5475,44.1756,20180101,12,174
1493A,87.5525,43.8711,20180101,12,98
1490A,87.5801,43.8303,20180101,12,96
1491A,87.6046,43.768,20180101,12,121
1494A,87.6432,43.831,20180101,12,138
1496A,87.6444,43.962,20180101,12,46
2690A,87.9897,44.1564,20180101,12,13
2707A,88.1214,47.9047,20180101,12,4
2708A,88.1267,47.8515,20180101,12,18
2626A,88.8876,29.2718,20180101,12,34
2627A,88.8931,29.2365,20180101,12,19
2687A,89.1673,42.9559,20180101,12,120
2686A,89.191,42.9409,20180101,12,71
1461A,91.0834,29.6292,20180101,12,27
1458A,91.0874,29.6475,20180101,12,30
1457A,91.1221,29.6747,20180101,12,16
1456A,91.1319,29.6514,20180101,12,32
1459A,91.1774,29.6541,20180101,12,14
2624A,91.7608,29.2313,20180101,12,18
2625A,91.7706,29.261,20180101,12,14
3128A,92.0506,31.4797,20180101,12,72
2628A,92.0657,31.4846,20180101,12,173
2689A,93.4961,42.8328,20180101,12,25
2688A,93.5128,42.8172,20180101,12,26
2633A,94.3616,29.6632,20180101,12,11
2632A,94.3681,29.6376,20180101,12,20
2622A,97.1804,31.1278,20180101,12,53
2623A,97.1809,31.1254,20180101,12,36
2676A,97.3731,37.3753,20180101,12,15
2884A,98.26722222,39.79777778,20180101,12,22
2659A,98.5023,39.7294,20180101,12,59
2658A,98.509,39.746,20180101,12,65
2617A,98.578,24.441,20180101,12,53
2616A,98.5842,24.428,20180101,12,48
2619A,98.8546,25.8417,20180101,12,43
2618A,98.8601,25.8567,20180101,12,15
2594A,99.1678,25.1081,20180101,12,42
2595A,99.1711,25.1328,20180101,12,41
2621A,99.7056,27.8317,20180101,12,55
2620A,99.7064,27.8136,20180101,12,80
2604A,100.0782,23.8982,20180101,12,30
2603A,100.0869,23.8822,20180101,12,41
2614A,100.1542,25.7054,20180101,12,6
2598A,100.2143,26.8576,20180101,12,27
2600A,100.2203,26.8906,20180101,12,22
2599A,100.2497,26.8802,20180101,12,41
2674A,100.2561,34.4714,20180101,12,208
2655A,100.4497,38.9389,20180101,12,86
2654A,100.4686,38.9467,20180101,12,39
2673A,100.6188,36.2866,20180101,12,34
2612A,100.7939,22.0019,20180101,12,13
2613A,100.8017,22.0225,20180101,12,8
2671A,100.9048,36.9639,20180101,12,17
2601A,100.98,22.7633,20180101,12,9
2602A,100.9817,22.8322,20180101,12,11
1483A,101.524,36.6867,20180101,12,86
2606A,101.538,25.0492,20180101,12,30
2605A,101.5482,25.0441,20180101,12,17
1889A,101.5769,26.5928,20180101,12,55
1888A,101.68912,26.57098,20180101,12,107
1890A,101.7169,26.585,20180101,12,90
2835A,101.7227,26.567,20180101,12,116
1891A,101.7453,26.5017,20180101,12,94
1480A,101.748,36.6428,20180101,12,124
3055A,101.7775,36.6428,20180101,12,89
1482A,101.834,36.5819,20180101,12,86
3065A,101.9533,29.9972,20180101,12,41
2570A,101.9603,30.0475,20180101,12,38
2672A,102.0199,35.5102,20180101,12,14
3129A,102.0306,36.5067,20180101,12,94
1944A,102.1708,38.5061,20180101,12,131
1943A,102.1725,38.5339,20180101,12,93
2566A,102.1755,31.9286,20180101,12,12
2567A,102.2218,31.9025,20180101,12,50
2575A,102.2311,27.8953,20180101,12,54
2568A,102.2402,31.8934,20180101,12,4
2573A,102.2625,27.8978,20180101,12,34
2574A,102.2689,27.8847,20180101,12,39
2572A,102.2714,27.8408,20180101,12,30
2571A,102.3419,27.8094,20180101,12,20
2883A,102.5381,24.339,20180101,12,16
2882A,102.5389,24.3702,20180101,12,23
1715A,102.5778,24.3694,20180101,12,11
2652A,102.6219,37.9311,20180101,12,67
1451A,102.625,24.9624,20180101,12,17
1455A,102.638,25.0359,20180101,12,39
1454A,102.681,25.067,20180101,12,34
1453A,102.722,25.0405,20180101,12,32
1452A,102.728,25.0836,20180101,12,25
1449A,102.743,25.0124,20180101,12,36
1450A,102.821,24.8885,20180101,12,20
2669A,102.905,35.0003,20180101,12,162
2554A,103.0013,29.9899,20180101,12,107
2553A,103.009,30.0125,20180101,12,129
2555A,103.0109,29.9834,20180101,12,102
2668A,103.2064,35.5997,20180101,12,76
3038A,103.3758,23.3682,20180101,12,18
2608A,103.3772,23.3993,20180101,12,22
1438A,103.613,31.0283,20180101,12,75
1476A,103.631,36.1031,20180101,12,103
2596A,103.7032,27.3392,20180101,12,60
1475A,103.712,36.0756,20180101,12,102
2597A,103.7225,27.3361,20180101,12,85
2537A,103.7506,29.6007,20180101,12,90
2538A,103.757,29.5634,20180101,12,107
2536A,103.7627,29.5844,20180101,12,101
2535A,103.7705,29.5467,20180101,12,73
1916A,103.7897,25.5035,20180101,12,33
1917A,103.8,25.5364,20180101,12,35
1479A,103.831,36.0464,20180101,12,118
2542A,103.8341,30.062,20180101,12,95
1478A,103.841,36.0725,20180101,12,122
2540A,103.8416,30.0874,20180101,12,102
2541A,103.8495,30.0691,20180101,12,69
2539A,103.8986,30.0506,20180101,12,55
1431A,103.97275,30.72358333,20180101,12,114
2880A,104.0238889,30.65638889,20180101,12,114
1433A,104.079,30.5706,20180101,12,122
1434A,104.1113889,30.63,20180101,12,110
1477A,104.148,35.94,20180101,12,63
2648A,104.1731,36.5481,20180101,12,76
1432A,104.176,30.6872,20180101,12,121
2611A,104.2319,23.3892,20180101,12,15
2610A,104.2533,23.3594,20180101,12,16
1904A,104.3539,31.1108,20180101,12,123
1902A,104.3883,31.1333,20180101,12,90
1903A,104.4053,31.1167,20180101,12,100
1901A,104.4219,31.1208,20180101,12,101
1886A,104.5761,28.71583,20180101,12,116
1882A,104.5969,28.8194,20180101,12,115
1884A,104.6061,28.7867,20180101,12,89
2664A,104.6169,35.5975,20180101,12,151
1883A,104.6225,28.76611,20180101,12,83
2663A,104.6228,35.5714,20180101,12,121
2563A,104.6289,30.1377,20180101,12,69
2565A,104.6294,30.1259,20180101,12,69
2562A,104.6356,30.1506,20180101,12,54
1885A,104.6417,28.76389,20180101,12,90
2561A,104.6617,30.1366,20180101,12,32
1880A,104.6717,31.4656,20180101,12,108
1887A,104.6789,28.7989,20180101,12,111
3027A,104.7228,29.33972,20180101,12,92
1881A,104.7283,31.5072,20180101,12,110
1879A,104.7536,31.4539,20180101,12,98
1897A,104.7547,29.3628,20180101,12,107
1900A,104.7692,29.3411,20180101,12,100
3028A,104.7778,29.36028,20180101,12,81
1878A,104.7778,31.4747,20180101,12,97
2576A,104.8,26.5892,20180101,12,100
2577A,104.83,26.5917,20180101,12,102
2579A,104.8475,26.5894,20180101,12,92
2590A,104.8811,25.0992,20180101,12,7
2578A,104.89,26.5939,20180101,12,93
2589A,104.9022,25.0925,20180101,12,21
2580A,104.9544,26.5506,20180101,12,52
2680A,105.0197,37.4514,20180101,12,58
2534A,105.0406,29.5822,20180101,12,85
2533A,105.0653,29.5817,20180101,12,56
2532A,105.0717,29.5947,20180101,12,63
2665A,105.0822,33.3261,20180101,12,52
2681A,105.18,37.0172,20180101,12,21
2682A,105.1971,37.5002,20180101,12,45
2587A,105.2864,27.3125,20180101,12,34
2588A,105.31,27.2944,20180101,12,28
1893A,105.4306,28.9583,20180101,12,76
1895A,105.4322,28.8558,20180101,12,92
1894A,105.4436,28.9026,20180101,12,71
2530A,105.5956,30.475,20180101,12,68
2204A,105.6775,38.8343,20180101,12,45
2528A,105.68,30.6133,20180101,12,83
2205A,105.6975,38.843,20180101,12,32
2206A,105.724,38.8516,20180101,12,28
2650A,105.7281,34.5814,20180101,12,97
2527A,105.7519,30.5797,20180101,12,99
2525A,105.8153,32.4246,20180101,12,40
2524A,105.8242,32.4429,20180101,12,42
2651A,105.8614,34.5653,20180101,12,109
2526A,105.8624,32.4285,20180101,12,72
2523A,105.8945,32.4535,20180101,12,39
3125A,105.8983,26.2481,20180101,12,38
3123A,105.9408,26.2431,20180101,12,32
3124A,105.9439,26.2564,20180101,12,32
1484A,105.9512,38.6016,20180101,12,65
3122A,105.9606,26.2611,20180101,12,32
2649A,106.005,34.3469,20180101,12,49
1905A,106.056,30.8064,20180101,12,73
1909A,106.0642,30.7636,20180101,12,85
1906A,106.0789,30.8023,20180101,12,83
2926A,106.1024,38.49494,20180101,12,96
1907A,106.1031,30.8217,20180101,12,79
1908A,106.1064,30.7856,20180101,12,90
1910A,106.1087,30.8388,20180101,12,96
1489A,106.1358,38.5036,20180101,12,85
2677A,106.1532,37.9648,20180101,12,82
2679A,106.196,37.9723,20180101,12,77
2678A,106.2025,37.9844,20180101,12,92
2924A,106.2275,38.44139,20180101,12,56
2683A,106.2319,36.1417,20180101,12,76
1488A,106.2328,38.4975,20180101,12,91
2685A,106.2375,36.0211,20180101,12,49
2925A,106.2739,38.4841,20180101,12,88
2684A,106.2792,36.0022,20180101,12,47
1418A,106.296,29.5983,20180101,12,63
1947A,106.3394,38.817,20180101,12,85
1422A,106.364,29.4822,20180101,12,55
1948A,106.3717,39.0153,20180101,12,107
1414A,106.379,29.8272,20180101,12,36
3015A,106.4042,29.57278,20180101,12,55
1416A,106.424,29.8264,20180101,12,68
1428A,106.452,29.709,20180101,12,71
1426A,106.468,29.4892,20180101,12,65
3014A,106.4959,29.53675,20180101,12,62
1429A,106.513,29.389,20180101,12,65
1419A,106.54,29.5186,20180101,12,79
3133A,106.5469,29.565,20180101,12,64
3016A,106.5506,29.41569,20180101,12,70
1427A,106.562,29.6453,20180101,12,53
2512A,106.6103,23.9011,20180101,12,83
1425A,106.617,29.7125,20180101,12,64
1441A,106.6243,26.6266,20180101,12,19
1417A,106.626,29.7228,20180101,12,123
2545A,106.6271,30.4663,20180101,12,95
2544A,106.6303,30.4576,20180101,12,91
2543A,106.631,30.518,20180101,12,69
1421A,106.634,29.4892,20180101,12,70
2902A,106.6351,30.4865,20180101,12,96
2547A,106.6388,30.4551,20180101,12,59
2513A,106.6527,23.8844,20180101,12,77
1443A,106.6554,26.4364,20180101,12,26
2656A,106.6692,35.5461,20180101,12,33
1439A,106.6856,26.6029,20180101,12,23
1447A,106.6867,26.5495,20180101,12,18
1444A,106.6948,26.5155,20180101,12,29
1440A,106.6971,26.5689,20180101,12,24
2657A,106.7039,35.5294,20180101,12,62
1950A,106.7096,39.1292,20180101,12,85
1445A,106.7105,26.6009,20180101,12,23
1446A,106.7164,26.5697,20180101,12,25
2558A,106.7389,31.8711,20180101,12,57
1442A,106.7487,26.6343,20180101,12,31
2914A,106.7513889,31.87888889,20180101,12,73
2559A,106.7594,31.8531,20180101,12,86
2915A,106.7619444,31.85805556,20180101,12,49
1949A,106.7704,39.2282,20180101,12,109
2188A,106.7931,39.6572,20180101,12,34
1552A,106.805,26.3003,20180101,12,19
2186A,106.8219,39.6719,20180101,12,42
1913A,106.8906,27.6486,20180101,12,43
1915A,106.9178,27.72,20180101,12,46
1911A,106.9222,27.6869,20180101,12,44
1912A,106.9242,27.7019,20180101,12,23
2634A,106.9893,33.1842,20180101,12,132
2637A,107.007,33.0323,20180101,12,106
2636A,107.0089,33.1138,20180101,12,149
2635A,107.0154,33.0706,20180101,12,140
1931A,107.0708,34.3017,20180101,12,100
1934A,107.1186,34.3739,20180101,12,109
1932A,107.1906,34.3672,20180101,12,114
1936A,107.2058,34.3497,20180101,12,97
1937A,107.2386,34.3622,20180101,12,106
2521A,107.3476,22.4137,20180101,12,57
2522A,107.3701,22.3708,20180101,12,68
2196A,107.3715,40.7378,20180101,12,46
1935A,107.3906,34.3528,20180101,12,148
2195A,107.4211,40.7608,20180101,12,45
2552A,107.4611,31.2058,20180101,12,123
2550A,107.4967,31.2108,20180101,12,105
2551A,107.5069,31.1956,20180101,12,102
2549A,107.525,31.215,20180101,12,102
2548A,107.5272,31.2797,20180101,12,121
2194A,107.5936,40.916,20180101,12,52
2662A,107.6364,35.7067,20180101,12,141
2661A,107.6406,35.5236,20180101,12,119
2660A,107.6831,35.7289,20180101,12,90
2881A,107.8908333,26.53111111,20180101,12,48
2591A,107.9783,26.5747,20180101,12,53
2517A,108.054,24.6928,20180101,12,66
2518A,108.1009,24.6967,20180101,12,75
2516A,108.2134,24.7121,20180101,12,67
1406A,108.239,22.8464,20180101,12,73
1408A,108.244,22.7833,20180101,12,88
1401A,108.301,22.7875,20180101,12,83
1402A,108.316,22.8561,20180101,12,80
2499A,108.3411,21.6158,20180101,12,87
2501A,108.3506,21.6414,20180101,12,97
2500A,108.3511,21.7631,20180101,12,90
1404A,108.383,22.805,20180101,12,76
1405A,108.439,22.7906,20180101,12,83
2504A,108.5989,21.7431,20180101,12,87
2502A,108.6236,21.9667,20180101,12,86
2503A,108.6553,21.9508,20180101,12,81
1919A,108.6761,34.3181,20180101,12,230
1918A,108.7197,34.3956,20180101,12,182
1920A,108.7233,34.3617,20180101,12,314
1921A,108.7369,34.3164,20180101,12,227
1472A,108.869,34.378,20180101,12,188
1462A,108.882,34.2749,20180101,12,173
1467A,108.883,34.2303,20180101,12,184
1469A,108.906,34.1546,20180101,12,150
1468A,108.935,34.3474,20180101,12,261
1466A,108.954,34.2713,20180101,12,234
1925A,108.9589,34.8731,20180101,12,104
1473A,108.985,34.1978,20180101,12,189
1463A,108.993,34.2629,20180101,12,185
2644A,109.0072,32.6975,20180101,12,82
2643A,109.0281,32.6939,20180101,12,98
2642A,109.0311,32.6778,20180101,12,75
1464A,109.06,34.2572,20180101,12,166
1922A,109.0656,35.0994,20180101,12,65
1923A,109.0697,35.0697,20180101,12,86
1868A,109.0981,21.4661,20180101,12,231
1867A,109.1436,21.4086,20180101,12,95
1869A,109.1778,21.5233,20180101,12,102
2586A,109.1794,27.7231,20180101,12,56
2585A,109.1916,27.7297,20180101,12,52
1470A,109.2,34.6575,20180101,12,149
2519A,109.2131,23.7208,20180101,12,104
1471A,109.2186,34.3731,20180101,12,172
1866A,109.2256,21.5958,20180101,12,103
2520A,109.2317,23.7369,20180101,12,106
1872A,109.3886,24.3406,20180101,12,63
1874A,109.3957,24.3663,20180101,12,106
1871A,109.4108,24.3304,20180101,12,79
1926A,109.4131,36.6275,20180101,12,52
1873A,109.4221,24.299,20180101,12,88
1941A,109.4266,34.5021,20180101,12,201
1940A,109.4636,34.493,20180101,12,164
2455A,109.4689,30.2819,20180101,12,68
1927A,109.4761,36.6028,20180101,12,82
1928A,109.4824,36.5767,20180101,12,85
1875A,109.4839,24.3158,20180101,12,86
1870A,109.4883,24.3898,20180101,12,89
1877A,109.4964,18.2681,20180101,12,21
2454A,109.5039,30.2989,20180101,12,64
1939A,109.5049,34.5004,20180101,12,167
1929A,109.5056,36.6106,20180101,12,114
1876A,109.5078,18.2489,20180101,12,20
1938A,109.5293,34.5101,20180101,12,163
2505A,109.5681,23.1478,20180101,12,82
2508A,109.5683,23.1036,20180101,12,80
2507A,109.6014,23.0944,20180101,12,87
2506A,109.6042,23.0672,20180101,12,76
2492A,109.6414,28.2558,20180101,12,32
2494A,109.6958,28.2675,20180101,12,79
2640A,109.7289,38.2839,20180101,12,77
2493A,109.7325,28.3169,20180101,12,88
2641A,109.7336,38.2478,20180101,12,88
2639A,109.7456,38.2911,20180101,12,78
1593A,109.7736,39.5986,20180101,12,20
1586A,109.8104,40.6575,20180101,12,115
1594A,109.8119,39.5989,20180101,12,30
1588A,109.8538,40.6821,20180101,12,75
1585A,109.8756,40.6532,20180101,12,56
2645A,109.9154,33.8715,20180101,12,54
2482A,109.9333,27.5733,20180101,12,89
2483A,109.9453,27.5444,20180101,12,80
1592A,109.9486,39.8261,20180101,12,22
1595A,109.9734,39.7884,20180101,12,19
2484A,109.9792,27.5342,20180101,12,90
2485A,109.9972,27.5578,20180101,12,124
1587A,110.0067,40.5905,20180101,12,137
2486A,110.0394,27.583,20180101,12,100
2509A,110.1106,22.7019,20180101,12,83
2511A,110.1433,22.6164,20180101,12,67
2510A,110.1675,22.6411,20180101,12,66
1863A,110.2819,25.2697,20180101,12,104
1411A,110.283,20.0053,20180101,12,58
1865A,110.2869,25.2178,20180101,12,104
1864A,110.3089,25.2708,20180101,12,111
1413A,110.33,20.0356,20180101,12,66
1684A,110.3316,21.2679,20180101,12,74
1412A,110.338,19.9969,20180101,12,53
1680A,110.3539,21.2706,20180101,12,69
1681A,110.3928,21.2228,20180101,12,62
1682A,110.4019,21.1997,20180101,12,69
1683A,110.4111,21.2028,20180101,12,60
1862A,110.4144,25.3167,20180101,12,94
1861A,110.4417,29.315,20180101,12,70
1685A,110.4558,21.2567,20180101,12,62
1859A,110.4697,29.1242,20180101,12,140
1858A,110.48,29.1389,20180101,12,155
1860A,110.5594,29.3547,20180101,12,69
1409A,110.576,19.9507,20180101,12,44
2430A,110.7258,32.6389,20180101,12,80
2429A,110.78,32.6494,20180101,12,59
1689A,110.8592,21.6828,20180101,12,68
2431A,110.8839,32.5714,20180101,12,68
1688A,110.9067,21.6669,20180101,12,79
1687A,110.9294,21.6533,20180101,12,63
2178A,110.9678,35.0308,20180101,12,211
2175A,110.9956,35.0147,20180101,12,230
2176A,111.0233,35.0611,20180101,12,220
1686A,111.0286,21.4689,20180101,12,66
2179A,111.0414,35.1147,20180101,12,199
2428A,111.0419,32.395,20180101,12,52
2866A,111.0522222,35.04388889,20180101,12,215
2867A,111.1283333,37.51,20180101,12,63
2185A,111.1297,37.5136,20180101,12,139
2183A,111.1406,37.5211,20180101,12,107
1838A,111.1489,34.7997,20180101,12,82
1836A,111.158,34.794,20180101,12,85
3039A,111.19,34.7822,20180101,12,94
1835A,111.1928,34.7772,20180101,12,92
2497A,111.2353,23.415,20180101,12,83
2498A,111.26,23.4794,20180101,12,76
1842A,111.268,30.696,20180101,12,121
2495A,111.2897,23.4792,20180101,12,73
1840A,111.2992,30.698,20180101,12,112
1839A,111.3009,30.7157,20180101,12,97
2496A,111.3178,23.475,20180101,12,82
1843A,111.3296,30.7819,20180101,12,97
1841A,111.3549,30.6463,20180101,12,113
2466A,111.4328,27.2272,20180101,12,106
2465A,111.4503,27.2537,20180101,12,107
2463A,111.4733,27.2317,20180101,12,121
2464A,111.4908,27.2582,20180101,12,106
1737A,111.4917,36.0417,20180101,12,151
1736A,111.5025,36.0875,20180101,12,156
1734A,111.5028,36.0714,20180101,12,158
3018A,111.505,36.10139,20180101,12,170
1735A,111.5169,36.0822,20180101,12,178
2462A,111.5239,27.3033,20180101,12,84
2514A,111.5269,24.4175,20180101,12,96
1096A,111.551,40.7866,20180101,12,135
1733A,111.5531,36.0783,20180101,12,158
2515A,111.5622,24.4072,20180101,12,93
2481A,111.5989,26.4519,20180101,12,84
2480A,111.5992,26.4364,20180101,12,88
1093A,111.608,40.8144,20180101,12,132
2478A,111.6156,26.4214,20180101,12,91
2477A,111.6217,26.2081,20180101,12,89
2479A,111.6236,26.2331,20180101,12,90
1090A,111.651,40.7579,20180101,12,28
1091A,111.658,40.8033,20180101,12,33
1092A,111.659,40.8452,20180101,12,38
3140A,111.6625,29.0531,20180101,12,83
3139A,111.6892,28.9881,20180101,12,80
1854A,111.6975,28.9703,20180101,12,81
3138A,111.7153,29.0289,20180101,12,83
1857A,111.7158,29.1456,20180101,12,81
1097A,111.717,40.7612,20180101,12,50
1095A,111.7277,40.8062,20180101,12,21
1094A,111.751,40.8369,20180101,12,68
1701A,111.9494,21.865,20180101,12,81
1700A,111.9508,21.8536,20180101,12,93
2490A,111.9561,27.7569,20180101,12,64
1699A,111.9786,21.8586,20180101,12,99
2491A,111.9892,27.7044,20180101,12,50
2488A,111.9975,27.725,20180101,12,62
2487A,111.9975,27.725,20180101,12,50
2489A,112.0194,27.7314,20180101,12,64
1713A,112.0369,22.9394,20180101,12,75
1712A,112.0392,22.9169,20180101,12,73
1714A,112.0539,22.9539,20180101,12,62
2433A,112.1392,32.0564,20180101,12,93
2432A,112.155,32.0197,20180101,12,103
2434A,112.1825,32.1142,20180101,12,98
3012A,112.1908,31.03389,20180101,12,141
2439A,112.2014,31.0483,20180101,12,161
1845A,112.2068,30.3515,20180101,12,104
2435A,112.2106,32.0903,20180101,12,125
2441A,112.2211,31.0386,20180101,12,159
1844A,112.2551,30.3175,20180101,12,120
1846A,112.2887,30.3055,20180101,12,134
2470A,112.3347,28.6047,20180101,12,40
2469A,112.3439,28.56,20180101,12,60
2468A,112.3458,28.5808,20180101,12,59
1811A,112.3628,34.6692,20180101,12,126
2471A,112.3744,28.5819,20180101,12,44
1816A,112.3844,34.6231,20180101,12,98
1812A,112.3939,34.6511,20180101,12,91
2467A,112.4067,28.6428,20180101,12,51
2169A,112.4078,39.3265,20180101,12,196
2168A,112.4254,39.3179,20180101,12,201
1397A,112.427,23.0706,20180101,12,82
1817A,112.4275,34.6258,20180101,12,78
2170A,112.4279,39.3673,20180101,12,92
1083A,112.434,38.0108,20180101,12,72
2166A,112.44,39.3514,20180101,12,105
3022A,112.4433,34.6686,20180101,12,89
2167A,112.4549,39.3606,20180101,12,85
1814A,112.4664,34.6869,20180101,12,107
1084A,112.469,37.7124,20180101,12,60
1398A,112.471,23.0528,20180101,12,87
1564A,112.4876,27.9164,20180101,12,78
1089A,112.488,37.7805,20180101,12,59
2405A,112.5003,32.9735,20180101,12,69
2403A,112.5192,32.9917,20180101,12,117
1081A,112.522,37.8873,20180101,12,62
2404A,112.5224,33.0122,20180101,12,93
2456A,112.5328,26.9089,20180101,12,82
1086A,112.5369,37.8692,20180101,12,65
1088A,112.549,37.9854,20180101,12,57
2407A,112.55,32.9683,20180101,12,107
2406A,112.5573,33.027,20180101,12,64
1085A,112.5583,37.7394,20180101,12,72
1399A,112.565,23.1617,20180101,12,92
2461A,112.5664,26.9056,20180101,12,108
1087A,112.57,37.8195,20180101,12,67
2460A,112.6006,26.8919,20180101,12,86
2457A,112.6194,26.9258,20180101,12,81
2459A,112.6197,26.8733,20180101,12,92
2458A,112.6211,26.8956,20180101,12,84
2182A,112.7003,38.4928,20180101,12,134
2174A,112.7105,37.7087,20180101,12,80
2865A,112.7194444,37.68277778,20180101,12,99
2173A,112.7306,37.7111,20180101,12,83
2180A,112.7356,38.4186,20180101,12,153
2181A,112.7383,38.4519,20180101,12,107
2171A,112.7549,37.7019,20180101,12,87
2164A,112.8252,35.4813,20180101,12,191
2161A,112.835,35.4934,20180101,12,172
1376A,112.844,22.8693,20180101,12,95
2160A,112.85,35.5051,20180101,12,166
1378A,112.863,23.1886,20180101,12,93
1377A,112.885,23.1572,20180101,12,88
1336A,112.8872,28.2189,20180101,12,66
1343A,112.8908,28.1308,20180101,12,67
1512A,112.8937,27.8728,20180101,12,82
1511A,112.9118,27.8403,20180101,12,74
1513A,112.9227,27.8159,20180101,12,71
1338A,112.9394,28.19,20180101,12,79
1340A,112.9792,28.2597,20180101,12,64
1342A,112.9844,28.1178,20180101,12,63
1851A,112.9943,29.4402,20180101,12,76
1339A,112.9956,28.1442,20180101,12,63
1344A,112.9958,28.3586,20180101,12,161
1341A,113.0014,28.1944,20180101,12,60
1562A,113.0048,27.9153,20180101,12,76
2473A,113.0116,25.8226,20180101,12,102
2474A,113.0119,25.8179,20180101,12,101
1703A,113.0208,23.7106,20180101,12,75
1385A,113.024,22.5328,20180101,12,106
2476A,113.0348,25.7759,20180101,12,110
2475A,113.0383,25.8071,20180101,12,89
1702A,113.0425,23.6936,20180101,12,76
3025A,113.0472,23.63444,20180101,12,73
1384A,113.074,22.5811,20180101,12,110
1337A,113.0792,28.2053,20180101,12,78
1386A,113.0819,22.5931,20180101,12,92
1335A,113.0833,28.2325,20180101,12,74
1731A,113.0844444,36.1855,20180101,12,131
1730A,113.0886,36.2126,20180101,12,133
1518A,113.095,27.8867,20180101,12,80
1728A,113.0972,36.1939,20180101,12,160
1383A,113.104,22.6069,20180101,12,106
1372A,113.105,23.0395,20180101,12,88
3034A,113.1076,41.0385,20180101,12,24
1847A,113.1094,29.3578,20180101,12,118
1727A,113.1097,36.1542,20180101,12,115
1524A,113.13,27.8528,20180101,12,83
1371A,113.134,23.0048,20180101,12,90
1515A,113.135,27.8244,20180101,12,64
1520A,113.143,27.8381,20180101,12,70
1373A,113.144,23.0467,20180101,12,85
1848A,113.1493,29.4251,20180101,12,87
2845A,113.1569,36.1912,20180101,12,127
1519A,113.167,27.8667,20180101,12,60
1849A,113.1772,29.3678,20180101,12,85
2031A,113.1817,27.9958,20180101,12,75
1834A,113.182,33.737,20180101,12,106
1830A,113.1992,35.259,20180101,12,56
1351A,113.215,23.3917,20180101,12,81
1828A,113.227,35.213,20180101,12,101
1345A,113.235,23.1422,20180101,12,87
1559A,113.251,27.8336,20180101,12,52
1375A,113.257,22.7629,20180101,12,96
1352A,113.26,23.1331,20180101,12,79
1346A,113.261,23.105,20180101,12,81
1827A,113.261,35.235,20180101,12,107
1850A,113.2621,29.4758,20180101,12,87
1725A,113.2661,40.1269,20180101,12,106
1726A,113.2711,40.0844,20180101,12,86
2923A,113.2803,40.1114,20180101,12,78
1354A,113.281,23.1569,20180101,12,82
1374A,113.292,22.8054,20180101,12,96
1833A,113.292,33.739,20180101,12,120
1370A,113.299,22.2281,20180101,12,114
1723A,113.2994,40.0758,20180101,12,56
1831A,113.3064,33.7214,20180101,12,134
2846A,113.3208,23.1323,20180101,12,79
1832A,113.322,33.721,20180101,12,129
1724A,113.3444,40.0917,20180101,12,47
1348A,113.348,23.0916,20180101,12,68
1350A,113.352,22.9477,20180101,12,84
2451A,113.3583,31.7275,20180101,12,92
1379A,113.3769,22.5211,20180101,12,106
1721A,113.3819,40.1097,20180101,12,63
2452A,113.3833,31.6908,20180101,12,94
1380A,113.3881,22.5497,20180101,12,94
2453A,113.3983,31.7308,20180101,12,83
1381A,113.4075,22.5111,20180101,12,97
1349A,113.433,23.105,20180101,12,72
1382A,113.4411,22.4853,20180101,12,116
1739A,113.4922,37.8792,20180101,12,123
1368A,113.495,22.2294,20180101,12,86
1743A,113.5158,37.85,20180101,12,87
1670A,113.5593889,24.81119444,20180101,12,82
1319A,113.564,34.802,20180101,12,227
1742A,113.5689,37.8694,20180101,12,108
1367A,113.574,22.2611,20180101,12,92
1738A,113.5753,37.8564,20180101,12,110
1669A,113.586606,24.769519,20180101,12,90
1355A,113.589,23.5538,20180101,12,68
3054A,113.5922,35.28385,20180101,12,116
1740A,113.5922,37.8561,20180101,12,174
1673A,113.5970833,24.68636111,20180101,12,116
1671A,113.598061,24.795928,20180101,12,77
1322A,113.5991,34.7496,20180101,12,201
1324A,113.6113,34.9162,20180101,12,203
1369A,113.628,22.4251,20180101,12,93
1741A,113.6292,37.8531,20180101,12,139
1323A,113.6356,34.7538,20180101,12,206
1317A,113.641,34.7745,20180101,12,202
1672A,113.6734722,24.77908333,20180101,12,99
1318A,113.675,34.8019,20180101,12,253
1316A,113.681,34.7545,20180101,12,225
1320A,113.727,34.7187,20180101,12,243
1321A,113.734,34.719,20180101,12,264
1391A,113.7383333,22.96583333,20180101,12,82
1388A,113.7461111,23.02777778,20180101,12,83
1389A,113.7480556,23.06,20180101,12,86
1387A,113.7819444,23.05361111,20180101,12,86
2398A,113.7906,33.9953,20180101,12,148
3134A,113.8172,34.0339,20180101,12,154
2396A,113.8331,34.0117,20180101,12,161
2389A,113.836,35.31,20180101,12,114
2348A,113.8381,27.6428,20180101,12,94
2349A,113.8447,27.6231,20180101,12,101
2351A,113.865,27.6178,20180101,12,106
2350A,113.8686,27.6442,20180101,12,94
2391A,113.883,35.303,20180101,12,96
2390A,113.884,35.272,20180101,12,125
1362A,113.891,22.5794,20180101,12,80
2443A,113.9153,30.9285,20180101,12,50
1359A,113.923,22.5167,20180101,12,64
2444A,113.942,30.9075,20180101,12,52
1358A,113.987,22.5417,20180101,12,73
2422A,113.996,32.996,20180101,12,96
2400A,114.005,33.568,20180101,12,145
2064A,114.0122,32.1403,20180101,12,82
2421A,114.0131,33.0069,20180101,12,81
2401A,114.014,33.581,20180101,12,131
2420A,114.018,32.965,20180101,12,114
2402A,114.0322,33.5653,20180101,12,131
2399A,114.056,33.567,20180101,12,138
2066A,114.0614,32.1383,20180101,12,113
2065A,114.0681,32.1342,20180101,12,109
1366A,114.085,22.75,20180101,12,92
2347A,114.0944,27.4948,20180101,12,55
2054A,114.1044,32.1078,20180101,12,77
1330A,114.1525,30.4753,20180101,12,72
2385A,114.17,35.9019,20180101,12,94
1333A,114.2131,30.6414,20180101,12,67
1361A,114.24,22.7267,20180101,12,71
1326A,114.2511,30.5514,20180101,12,61
1360A,114.263,22.5908,20180101,12,66
1327A,114.2836,30.6197,20180101,12,61
1822A,114.286,36.11,20180101,12,105
2387A,114.2878,35.7306,20180101,12,103
1826A,114.2886,34.7967,20180101,12,179
2449A,114.2894,29.8539,20180101,12,72
2386A,114.2956,35.7511,20180101,12,115
1365A,114.297,22.5978,20180101,12,75
1328A,114.3006,30.5494,20180101,12,69
1331A,114.3008,30.5947,20180101,12,55
2447A,114.3036,29.8181,20180101,12,60
1819A,114.32,36.086,20180101,12,122
2448A,114.3231,29.8211,20180101,12,61
2450A,114.3372,29.8686,20180101,12,65
1824A,114.3389,34.7781,20180101,12,178
1823A,114.3406,34.8022,20180101,12,172
2371A,114.3442,27.8036,20180101,12,90
1035A,114.3541,37.9097,20180101,12,51
1035A,114.3541,37.9097,20180101,12,51
1820A,114.358,36.087,20180101,12,128
1325A,114.3672,30.5719,20180101,12,67
2374A,114.3703,27.7914,20180101,12,96
1825A,114.3733,34.7975,20180101,12,176
2372A,114.3806,27.8014,20180101,12,97
1332A,114.3894,30.4822,20180101,12,74
3141A,114.3922,36.0878,20180101,12,119
2373A,114.3953,27.7842,20180101,12,99
2375A,114.4011,27.8072,20180101,12,99
1393A,114.4053,23.08,20180101,12,76
1364A,114.41,22.6342,20180101,12,82
1394A,114.4103,23.1142,20180101,12,74
1392A,114.4183,23.0528,20180101,12,70
1329A,114.4272,30.6103,20180101,12,67
1029A,114.4548,38.0513,20180101,12,60
1029A,114.4548,38.0513,20180101,12,60
1032A,114.4586111,38.00583333,20180101,12,63
1032A,114.4586111,38.00583333,20180101,12,63
1077A,114.4821,37.0967,20180101,12,74
1080A,114.4854,37.062,20180101,12,73
1363A,114.494,22.5422,20180101,12,57
1050A,114.4965,36.61981,20180101,12,110
1031A,114.5019,38.1398,20180101,12,70
1031A,114.5019,38.1398,20180101,12,70
1049A,114.5035,36.5776,20180101,12,133
1047A,114.5129,36.61763,20180101,12,132
1034A,114.5214,38.0524,20180101,12,70
1034A,114.5214,38.0524,20180101,12,70
1078A,114.5261,37.0533,20180101,12,86
1033A,114.5330556,38.01777778,20180101,12,75
1033A,114.5330556,38.01777778,20180101,12,75
1079A,114.5331,37.0964,20180101,12,105
1048A,114.5426,36.6164,20180101,12,119
2862A,114.5480556,38.03777778,20180101,12,97
1030A,114.6046,38.0398,20180101,12,69
1030A,114.6046,38.0398,20180101,12,69
2070A,114.6369,33.6406,20180101,12,89
2069A,114.6546,33.5979,20180101,12,93
2067A,114.6613,33.6128,20180101,12,83
2068A,114.6758,33.6347,20180101,12,76
1696A,114.6778,23.7569,20180101,12,56
1698A,114.6892,23.7233,20180101,12,59
1697A,114.6944,23.7586,20180101,12,64
2438A,114.8131,30.4133,20180101,12,76
3131A,114.8792,40.7903,20180101,12,7
1059A,114.8814,40.8115,20180101,12,17
2929A,114.8858,30.4519,20180101,12,55
2436A,114.8878,30.3944,20180101,12,62
2366A,114.8905,25.8471,20180101,12,98
2426A,114.8949,30.2043,20180101,12,63
1057A,114.8985,40.8367,20180101,12,7
2437A,114.8989,30.3714,20180101,12,97
2446A,114.9028,30.4742,20180101,12,57
1060A,114.9032,40.7688,20180101,12,28
1061A,114.904,40.8725,20180101,12,7
2362A,114.9064,25.9118,20180101,12,89
2356A,114.9119,27.8042,20180101,12,84
2354A,114.9289,27.8328,20180101,12,96
2355A,114.9314,27.8036,20180101,12,81
2365A,114.9322,25.8333,20180101,12,93
2363A,114.9367,25.8664,20180101,12,105
2364A,114.9461,25.8481,20180101,12,105
2368A,114.9739,27.11,20180101,12,103
2353A,114.9831,27.8344,20180101,12,82
2369A,114.99,27.1311,20180101,12,106
3021A,115.0061,35.76806,20180101,12,187
2370A,115.0075,27.0983,20180101,12,103
2427A,115.0264,30.2099,20180101,12,76
2392A,115.031,35.763,20180101,12,186
2352A,115.0586,27.7758,20180101,12,90
2423A,115.0625,30.2352,20180101,12,78
2394A,115.0628,35.7672,20180101,12,184
2424A,115.0767,30.2028,20180101,12,66
2395A,115.0772,35.767,20180101,12,169
1695A,115.3622,22.7925,20180101,12,69
1693A,115.3653,22.775,20180101,12,62
1694A,115.3706,22.7898,20180101,12,50
1718A,115.42277,35.248889,20180101,12,168
1055A,115.442,38.8756,20180101,12,35
1720A,115.455,35.27,20180101,12,171
1054A,115.4612,38.8416,20180101,12,43
1053A,115.4713,38.9108,20180101,12,47
1719A,115.474722,35.2375,20180101,12,174
1051A,115.493,38.8632,20180101,12,39
1056A,115.5214,38.8707,20180101,12,42
1052A,115.5223,38.8957,20180101,12,33
2410A,115.6386,34.407,20180101,12,119
1075A,115.6426,37.7379,20180101,12,154
2409A,115.6558,34.429,20180101,12,122
2411A,115.6578,34.402,20180101,12,108
2408A,115.6697,34.4286,20180101,12,119
1076A,115.6906,37.739,20180101,12,181
1074A,115.6951,37.7575,20180101,12,149
1296A,115.742,28.7994,20180101,12,57
2312A,115.7831,33.8561,20180101,12,125
2875A,115.7838889,32.88922222,20180101,12,85
2311A,115.8067,33.8399,20180101,12,161
1292A,115.813,28.7442,20180101,12,48
2301A,115.8275,32.8928,20180101,12,106
1294A,115.852,28.6869,20180101,12,54
2303A,115.8556,32.8603,20180101,12,100
1291A,115.8886,28.6839,20180101,12,55
1295A,115.892,28.6425,20180101,12,53
1290A,115.893,28.6844,20180101,12,65
3046A,115.9083,28.6064,20180101,12,54
1808A,115.9114,29.6039,20180101,12,103
1298A,115.931,28.6844,20180101,12,49
1804A,115.9581,29.7048,20180101,12,98
1293A,115.973,28.6969,20180101,12,48
1627A,115.9835,36.4796,20180101,12,152
1625A,115.9848,36.4372,20180101,12,156
1803A,115.9872,29.6816,20180101,12,122
1805A,115.988,29.7292,20180101,12,99
2878A,116.0072,36.4343,20180101,12,175
1806A,116.0174,29.6535,20180101,12,94
1807A,116.0628,29.6926,20180101,12,50
1809A,116.0726,29.7534,20180101,12,75
2203A,116.0781,43.9311,20180101,12,9
1691A,116.0797,24.2719,20180101,12,48
1692A,116.1248,24.2654,20180101,12,60
1690A,116.1278,24.3289,20180101,12,44
1002A,116.17,40.2865,20180101,12,52
1002A,116.17,40.2865,20180101,12,52
2376A,116.2239,28.0797,20180101,12,90
1012A,116.225,39.9279,20180101,12,16
1012A,116.225,39.9279,20180101,12,16
1010A,116.23,40.1952,20180101,12,49
1010A,116.23,40.1952,20180101,12,49
3066A,116.2714,37.4372,20180101,12,129
1622A,116.3061,37.4664,20180101,12,152
1007A,116.315,39.9934,20180101,12,15
1007A,116.315,39.9934,20180101,12,15
1624A,116.3189,37.4489,20180101,12,116
1709A,116.3242,23.5486,20180101,12,70
2377A,116.3553,27.9883,20180101,12,84
2379A,116.3574,28.0005,20180101,12,95
1710A,116.3594,23.5739,20180101,12,63
2378A,116.3598,27.9639,20180101,12,85
1006A,116.361,39.9425,20180101,12,8
1006A,116.361,39.9425,20180101,12,8
1001A,116.366,39.8673,20180101,12,12
1001A,116.366,39.8673,20180101,12,12
1708A,116.3697,23.5353,20180101,12,64
2380A,116.385,27.9647,20180101,12,82
1679A,116.4019,23.2536,20180101,12,44
1011A,116.407,40.0031,20180101,12,11
1011A,116.407,40.0031,20180101,12,11
1711A,116.4094,23.5292,20180101,12,72
1004A,116.434,39.8745,20180101,12,9
1004A,116.434,39.8745,20180101,12,9
1003A,116.434,39.9522,20180101,12,12
1003A,116.434,39.9522,20180101,12,12
1005A,116.473,39.9716,20180101,12,12
1005A,116.473,39.9716,20180101,12,12
2308A,116.478,31.7618,20180101,12,85
2309A,116.5068,31.7797,20180101,12,107
2307A,116.508,31.7371,20180101,12,88
2310A,116.5661,31.7712,20180101,12,103
1654A,116.5856,35.4144,20180101,12,166
1678A,116.6092,23.2539,20180101,12,38
3026A,116.6183,23.65889,20180101,12,55
1653A,116.6305,35.428,20180101,12,148
1705A,116.6339,23.6714,20180101,12,53
1009A,116.644,40.3937,20180101,12,10
1009A,116.644,40.3937,20180101,12,10
1706A,116.6447,23.6706,20180101,12,52
1674A,116.6794,23.3667,20180101,12,43
1067A,116.6838,39.5178,20180101,12,53
2919A,116.7022,39.5453,20180101,12,54
2281A,116.7039,32.625,20180101,12,171
1008A,116.72,40.1438,20180101,12,9
1008A,116.72,40.1438,20180101,12,9
1675A,116.7244,23.3633,20180101,12,34
1676A,116.7258,23.2775,20180101,12,42
1070A,116.7464,39.5343,20180101,12,58
1677A,116.7519,23.4714,20180101,12,58
1068A,116.7729,39.5747,20180101,12,46
2284A,116.7844,33.9461,20180101,12,174
2282A,116.8008,33.975,20180101,12,145
2283A,116.8067,33.8997,20180101,12,200
2280A,116.8306,32.6319,20180101,12,160
2279A,116.8556,32.6028,20180101,12,153
1072A,116.8584,38.3254,20180101,12,151
1073A,116.8709,38.3228,20180101,12,123
1071A,116.8854,38.2991,20180101,12,145
1300A,116.93,36.67,20180101,12,114
1304A,116.943,36.6489,20180101,12,120
2357A,116.9622,28.095,20180101,12,39
2305A,116.9677,33.6284,20180101,12,218
2304A,116.9765,33.6481,20180101,12,217
1299A,116.988,36.6114,20180101,12,125
2306A,116.989,33.63063889,20180101,12,240
1302A,116.989,36.6872,20180101,12,146
2294A,116.9894,30.6145,20180101,12,111
2361A,116.9983,28.2169,20180101,12,57
2278A,117.0083,32.645,20180101,12,167
2338A,117.0151,25.0311,20180101,12,35
2335A,117.0181,25.1174,20180101,12,35
2336A,117.0216,25.1035,20180101,12,35
2360A,117.0222,28.2264,20180101,12,64
2337A,117.0256,25.0661,20180101,12,35
2359A,117.0281,28.2403,20180101,12,66
2292A,117.0331111,30.51197222,20180101,12,81
2874A,117.0411667,32.64600333,20180101,12,187
2293A,117.0486,30.5489,20180101,12,84
1305A,117.049,36.6622,20180101,12,130
2358A,117.0564,28.2642,20180101,12,68
1303A,117.0684,36.6868,20180101,12,144
1657A,117.0881,36.1942,20180101,12,106
1658A,117.1081,36.1758,20180101,12,112
1301A,117.114,36.6739,20180101,12,104
1279A,117.124,31.8516,20180101,12,166
1656A,117.1436,36.1942,20180101,12,110
1015A,117.145,39.1654,20180101,12,149
1015A,117.145,39.1654,20180101,12,149
2345A,117.1558,29.2647,20180101,12,48
1027A,117.157,38.9194,20180101,12,152
1027A,117.157,38.9194,20180101,12,152
2860A,117.1589,39.0845,20180101,12,162
1273A,117.16,31.9051,20180101,12,156
1177A,117.167,34.2761,20180101,12,261
3006A,117.1694,34.1781,20180101,12,257
3005A,117.1814,34.29,20180101,12,288
1019A,117.1837,39.2133,20180101,12,130
1019A,117.1837,39.2133,20180101,12,130
1178A,117.192,34.2417,20180101,12,268
2922A,117.1941,39.1067,20180101,12,149
1270A,117.196,31.7848,20180101,12,156
2344A,117.1983,29.2786,20180101,12,53
1018A,117.202,39.0927,20180101,12,160
1018A,117.202,39.0927,20180101,12,160
3020A,117.2099,39.16969,20180101,12,128
2343A,117.2111,29.2958,20180101,12,49
1017A,117.237,39.1082,20180101,12,147
1017A,117.237,39.1082,20180101,12,147
1181A,117.244,34.2911,20180101,12,275
2346A,117.2461,29.2956,20180101,12,66
1274A,117.25,31.8572,20180101,12,162
1180A,117.256,34.2153,20180101,12,169
1272A,117.259,31.8706,20180101,12,149
1275A,117.266,31.9438,20180101,12,164
1278A,117.278,31.7386,20180101,12,189
1638A,117.2852,34.7837,20180101,12,232
1277A,117.302,31.7956,20180101,12,169
2275A,117.3065,32.8985,20180101,12,150
1271A,117.307,31.8766,20180101,12,182
1021A,117.307,39.0877,20180101,12,158
1021A,117.307,39.0877,20180101,12,158
2272A,117.3086,32.935,20180101,12,132
2342A,117.3097,29.3864,20180101,12,55
1276A,117.336,31.8585,20180101,12,163
2274A,117.3536,32.9673,20180101,12,159
2271A,117.3575,32.9444,20180101,12,179
2859A,117.3747,38.9846,20180101,12,159
3051A,117.3916,39.1495,20180101,12,106
2270A,117.3961,32.939,20180101,12,177
2273A,117.4186,32.8913,20180101,12,162
1641A,117.4518,35.0992,20180101,12,147
1024A,117.457,38.8394,20180101,12,128
1024A,117.457,38.8394,20180101,12,128
2314A,117.4697,30.6617,20180101,12,66
2916A,117.49,30.66,20180101,12,59
2315A,117.4974,30.6539,20180101,12,66
1962A,117.541,36.71,20180101,12,123
1961A,117.541,36.71,20180101,12,116
1637A,117.5564,34.864,20180101,12,184
1639A,117.5852,34.7745,20180101,12,202
2324A,117.6211,26.2625,20180101,12,53
2075A,117.6336,24.4674,20180101,12,67
2325A,117.6353,26.2708,20180101,12,56
2074A,117.6569,24.5157,20180101,12,47
1616A,117.6789,36.2289,20180101,12,142
3064A,117.6983,36.2211,20180101,12,143
1023A,117.707,39.0343,20180101,12,14
1023A,117.707,39.0343,20180101,12,14
2920A,117.7116,24.506,20180101,12,62
3059A,117.7181,36.2092,20180101,12,130
2327A,117.7275,26.3108,20180101,12,56
1640A,117.732,34.5667,20180101,12,306
2288A,117.7442,30.8811,20180101,12,135
1026A,117.764,39.1587,20180101,12,43
1026A,117.764,39.1587,20180101,12,43
2287A,117.7806,30.9414,20180101,12,92
2858A,117.7918,39.2474,20180101,12,48
2286A,117.8078,30.9222,20180101,12,99
2285A,117.8178,30.9414,20180101,12,88
1065A,117.8184,40.9733,20180101,12,45
2290A,117.8472,30.9697,20180101,12,81
1633A,117.8477,36.497,20180101,12,101
1636A,117.8512,36.8041,20180101,12,103
2289A,117.8561,30.9219,20180101,12,93
2384A,117.9033,28.4303,20180101,12,102
1066A,117.9384,41.0112,20180101,12,20
2383A,117.9511,28.4622,20180101,12,80
1063A,117.9525,40.9843,20180101,12,33
1634A,117.9544,36.6377,20180101,12,116
1064A,117.963,40.9359,20180101,12,51
1062A,117.9664,40.9161,20180101,12,42
1630A,117.9776,37.393,20180101,12,106
1629A,118.0018,37.3617,20180101,12,155
2381A,118.0058,28.4569,20180101,12,81
1628A,118.0062,37.3803,20180101,12,124
1632A,118.0448,36.838,20180101,12,109
1631A,118.0482,36.8088,20180101,12,97
1288A,118.0636111,24.44583333,20180101,12,53
2842A,118.0936,24.5058,20180101,12,42
2331A,118.0966,26.6761,20180101,12,44
2297A,118.1371,30.2756,20180101,12,33
1037A,118.144,39.643,20180101,12,42
1037A,118.144,39.643,20180101,12,42
1287A,118.1513889,24.47666667,20180101,12,46
1286A,118.1569444,24.81805556,20180101,12,43
1036A,118.1662,39.6308,20180101,12,23
1036A,118.1662,39.6308,20180101,12,23
2334A,118.1756,26.6272,20180101,12,53
2333A,118.1819,26.6514,20180101,12,52
1040A,118.1838,39.65782,20180101,12,59
1040A,118.1838,39.65782,20180101,12,59
1038A,118.1853,39.6407,20180101,12,42
1038A,118.1853,39.6407,20180101,12,42
1041A,118.1997,39.6295,20180101,12,38
1041A,118.1997,39.6295,20180101,12,38
1039A,118.2185,39.6679,20180101,12,50
1039A,118.2185,39.6679,20180101,12,50
1221A,118.2442,33.9592,20180101,12,343
1620A,118.2764,34.9817,20180101,12,226
2996A,118.283,33.965,20180101,12,231
1220A,118.293,33.9528,20180101,12,325
1619A,118.2939,35.0622,20180101,12,191
2295A,118.3057,29.7128,20180101,12,66
1635A,118.3092,36.8198,20180101,12,102
2298A,118.3094,32.3153,20180101,12,229
2300A,118.3158,32.3061,20180101,12,223
1222A,118.3214,33.9506,20180101,12,312
2296A,118.3236,29.7207,20180101,12,54
2299A,118.3244,32.2786,20180101,12,224
1618A,118.3418,35.0573,20180101,12,185
1794A,118.3528,31.3508,20180101,12,214
1795A,118.37,31.4189,20180101,12,260
1796A,118.3708,31.3178,20180101,12,278
1797A,118.4022,31.3839,20180101,12,229
1621A,118.4023,35.0896,20180101,12,193
1801A,118.48,31.6928,20180101,12,167
1799A,118.4828,31.6411,20180101,12,163
1665A,118.5019,37.4658,20180101,12,127
1798A,118.5058,31.6861,20180101,12,170
1800A,118.5106,31.7506,20180101,12,157
1611A,118.5819,24.9117,20180101,12,42
1612A,118.5972,24.8978,20180101,12,46
1614A,118.6108,24.9617,20180101,12,40
1157A,118.626,32.0878,20180101,12,252
1613A,118.6663,24.9424,20180101,12,49
3036A,118.696,37.43445,20180101,12,224
2318A,118.7175,30.9431,20180101,12,135
1158A,118.737,32.0092,20180101,12,290
2317A,118.7386,30.9742,20180101,12,148
1959A,118.746,36.881,20180101,12,147
1152A,118.749,32.0572,20180101,12,263
2316A,118.7581,30.9447,20180101,12,152
1154A,118.777,32.0144,20180101,12,258
1153A,118.778,32.0723,20180101,12,255
1156A,118.795,32.0775,20180101,12,299
1155A,118.803,32.0314,20180101,12,325
1151A,118.803,32.1083,20180101,12,285
1266A,118.855,28.9745,20180101,12,79
1264A,118.871,28.9404,20180101,12,81
1265A,118.871,28.9664,20180101,12,85
1746A,118.8789,42.2556,20180101,12,35
1159A,118.907,32.105,20180101,12,249
1744A,118.9233,42.2814,20180101,12,28
1745A,118.9572,42.2725,20180101,12,44
2323A,118.981,25.4792,20180101,12,51
1212A,118.989,33.6067,20180101,12,248
2320A,119.0018,25.4552,20180101,12,53
1211A,119.007,33.575,20180101,12,236
1214A,119.0122,33.627,20180101,12,238
2319A,119.0156,25.442,20180101,12,52
1225A,119.026,29.635,20180101,12,75
1210A,119.036,33.5981,20180101,12,212
2876A,119.0841,36.7339,20180101,12,164
2322A,119.1015,25.3214,20180101,12,63
2321A,119.1117,25.4556,20180101,12,51
1648A,119.12,36.7019,20180101,12,152
1213A,119.135,33.5039,20180101,12,214
1650A,119.1425,36.7008,20180101,12,147
1997A,119.146,31.955,20180101,12,328
2877A,119.1638,36.6525,20180101,12,142
1173A,119.176,34.5885,20180101,12,140
1998A,119.18,31.955,20180101,12,270
1652A,119.1939,36.7731,20180101,12,114
3058A,119.2654,42.0352,20180101,12,81
1284A,119.268,26.0797,20180101,12,62
1282A,119.303,26.0392,20180101,12,70
1285A,119.315,26.0753,20180101,12,68
3000A,119.3581,34.6972,20180101,12,130
3008A,119.3608,34.7519,20180101,12,132
1186A,119.389,32.3761,20180101,12,236
1205A,119.43,32.1319,20180101,12,285
2870A,119.4369444,32.18888889,20180101,12,252
2007A,119.438,31.317,20180101,12,188
2869A,119.458,32.41361,20180101,12,224
2006A,119.46,31.4,20180101,12,194
1184A,119.46,32.3878,20180101,12,198
1659A,119.4641,35.4178,20180101,12,164
1204A,119.491,32.215,20180101,12,258
2339A,119.5001,26.6946,20180101,12,102
1660A,119.5198,35.4234,20180101,12,158
2340A,119.5202,26.6607,20180101,12,98
1042A,119.5259,39.8283,20180101,12,8
1042A,119.5259,39.8283,20180101,12,8
1046A,119.5369,39.9419,20180101,12,12
2341A,119.5392,26.6611,20180101,12,98
1661A,119.54,35.3962,20180101,12,156
2005A,119.579,31.737,20180101,12,307
2004A,119.579,31.751,20180101,12,260
3048A,119.58,26.0931,20180101,12,70
3132A,119.5967,37.0308,20180101,12,16
1044A,119.6023,39.9567,20180101,12,22
1262A,119.647,29.077,20180101,12,98
2994A,119.6533,29.1128,20180101,12,97
1203A,119.68,32.1883,20180101,12,256
1263A,119.686,29.1029,20180101,12,97
2011A,119.6942,30.2311,20180101,12,126
2010A,119.7183,30.2366,20180101,12,108
3061A,119.7512,49.1577,20180101,12,26
2192A,119.7594,49.2261,20180101,12,16
1043A,119.7624,40.0181,20180101,12,9
1043A,119.7624,40.0181,20180101,12,9
2003A,119.794,31.371,20180101,12,235
2002A,119.818,31.354,20180101,12,212
2997A,119.8767,32.3292,20180101,12,180
1269A,119.879,28.4231,20180101,12,109
1209A,119.888,32.4639,20180101,12,182
3010A,119.8914,31.7897,20180101,12,254
1206A,119.9,32.4867,20180101,12,149
1201A,119.905,31.9108,20180101,12,223
1267A,119.914,28.4514,20180101,12,77
1207A,119.9219,32.4611,20180101,12,176
1268A,119.93,28.4586,20180101,12,68
1200A,119.935,31.7039,20180101,12,254
1977A,119.941,37.177,20180101,12,79
2013A,119.946,30.049,20180101,12,52
1971A,119.952,36.792,20180101,12,107
1978A,119.959,37.18,20180101,12,130
3002A,119.9736,31.8108,20180101,12,236
1972A,119.976,36.799,20180101,12,105
1196A,119.996,31.7586,20180101,12,247
1967A,120.008,36.283,20180101,12,133
1968A,120.014,36.253,20180101,12,122
2015A,120.04,29.334,20180101,12,79
3003A,120.0469,31.7694,20180101,12,247
1224A,120.063,30.2747,20180101,12,107
1250A,120.07,30.8244,20180101,12,189
2873A,120.0875,30.89556,20180101,12,197
1233A,120.088,30.1808,20180101,12,114
2014A,120.091,29.305,20180101,12,74
1215A,120.118,33.4022,20180101,12,84
1230A,120.12,30.3119,20180101,12,142
1227A,120.127,30.2456,20180101,12,118
1216A,120.156,33.3942,20180101,12,82
1229A,120.157,30.2897,20180101,12,161
3004A,120.1631,33.3681,20180101,12,106
2907A,120.1844,30.8596,20180101,12,224
1228A,120.19,30.2692,20180101,12,145
1314A,120.1964,36.3083,20180101,12,134
1223A,120.211,30.21,20180101,12,117
1218A,120.225,33.3947,20180101,12,100
2000A,120.237,31.909,20180101,12,176
1191A,120.242,31.5031,20180101,12,238
1194A,120.245,31.5631,20180101,12,226
1999A,120.268,31.92,20180101,12,190
1188A,120.269,31.4867,20180101,12,210
1232A,120.27,30.1819,20180101,12,174
1189A,120.275,31.6219,20180101,12,206
1195A,120.288,31.6842,20180101,12,206
1190A,120.294,31.56,20180101,12,210
1312A,120.2992,36.0543,20180101,12,110
1231A,120.301,30.4183,20180101,12,172
2001A,120.302,31.92,20180101,12,178
1309A,120.3471,36.0699,20180101,12,156
1226A,120.348,30.3058,20180101,12,174
1193A,120.354,31.5475,20180101,12,217
1192A,120.354,31.5848,20180101,12,221
1311A,120.3664,36.1032,20180101,12,151
1308A,120.3905,36.1851,20180101,12,134
2223A,120.3939,41.615,20180101,12,67
1976A,120.394,37.364,20180101,12,110
1975A,120.399,37.374,20180101,12,132
1315A,120.4001,36.2403,20180101,12,115
1310A,120.4134,36.0654,20180101,12,112
2222A,120.4247,41.5647,20180101,12,31
2220A,120.4439,41.5931,20180101,12,31
1313A,120.4587,36.0851,20180101,12,145
1964A,120.47,36.39,20180101,12,116
1970A,120.515,36.885,20180101,12,137
1993A,120.526,31.874,20180101,12,124
1969A,120.537,36.865,20180101,12,82
1165A,120.543,31.2994,20180101,12,246
1994A,120.55,31.882,20180101,12,137
1160A,120.561,31.2472,20180101,12,203
1162A,120.591,31.3019,20180101,12,264
1163A,120.596,31.3264,20180101,12,251
1246A,120.598,30.0911,20180101,12,114
1247A,120.605,29.9919,20180101,12,115
1164A,120.613,31.2703,20180101,12,38
1161A,120.628,31.2864,20180101,12,220
1242A,120.634,28.0089,20180101,12,97
1986A,120.635,31.17,20180101,12,196
1985A,120.636,31.155,20180101,12,179
1167A,120.641,31.3708,20180101,12,232
1987A,120.658,31.172,20180101,12,177
1307A,120.6659,36.2403,20180101,12,56
1166A,120.669,31.3097,20180101,12,228
1245A,120.671,28.0167,20180101,12,88
1243A,120.677,27.9939,20180101,12,78
1253A,120.726,30.7478,20180101,12,193
1992A,120.734,31.656,20180101,12,146
1252A,120.744,30.7946,20180101,12,183
1973A,120.747,37.825,20180101,12,51
1244A,120.76,27.9747,20180101,12,87
1974A,120.773,37.809,20180101,12,44
2921A,120.7789,30.0033,20180101,12,130
2872A,120.7844444,30.7525,20180101,12,181
1172A,120.81,32.0417,20180101,12,56
1608A,120.8392,40.7514,20180101,12,26
1609A,120.8478,40.715,20180101,12,27
1610A,120.8631,40.7736,20180101,12,27
1607A,120.9092,40.7136,20180101,12,27
1168A,120.913,31.96,20180101,12,70
1171A,120.94,31.93,20180101,12,65
1988A,120.953,31.388,20180101,12,130
1768A,121.045,40.8333,20180101,12,26
1767A,121.0986,41.0781,20180101,12,18
1995A,121.115,31.453,20180101,12,68
1770A,121.1178,41.1222,20180101,12,32
1771A,121.1303,41.1386,20180101,12,27
1996A,121.14,31.422,20180101,12,89
2009A,121.1518,31.89708,20180101,12,70
2008A,121.173,31.896,20180101,12,56
1769A,121.2008,41.1219,20180101,12,8
1642A,121.2514,37.5639,20180101,12,112
1115A,121.2588889,38.80805556,20180101,12,40
1646A,121.2611,37.4967,20180101,12,63
1644A,121.3181,37.5436,20180101,12,65
1643A,121.3719,37.5433,20180101,12,65
1141A,121.4,31.238,20180101,12,62
1144A,121.412,31.1654,20180101,12,67
1256A,121.419,28.6542,20180101,12,141
1147A,121.425,31.2261,20180101,12,50
1645A,121.4478,37.4822,20180101,12,57
1143A,121.467,31.3008,20180101,12,57
1142A,121.478,31.2036,20180101,12,63
1114A,121.5180556,38.85611111,20180101,12,40
1241A,121.524,29.8506,20180101,12,151
1983A,121.531,36.913,20180101,12,53
1149A,121.533,31.2284,20180101,12,62
1145A,121.536,31.2659,20180101,12,67
1984A,121.544,36.907,20180101,12,86
1237A,121.554,29.8906,20180101,12,177
1235A,121.56,29.8208,20180101,12,150
1111A,121.5638889,38.885,20180101,12,51
1110A,121.565,38.95111111,20180101,12,42
1150A,121.577,31.2071,20180101,12,75
1240A,121.586,29.8633,20180101,12,158
3057A,121.5992,37.4014,20180101,12,69
1109A,121.6119444,38.97388889,20180101,12,40
2871A,121.6147222,29.90166667,20180101,12,129
2207A,121.6178,41.9967,20180101,12,8
1113A,121.625,38.86388889,20180101,12,42
1239A,121.633,29.7736,20180101,12,123
1112A,121.6330556,38.91194444,20180101,12,40
2208A,121.6561,42.0186,20180101,12,14
2211A,121.6592,42.0486,20180101,12,9
2210A,121.6722,42.0228,20180101,12,11
2209A,121.6972,42.0503,20180101,12,12
1148A,121.703,31.1907,20180101,12,61
1236A,121.713,29.9572,20180101,12,137
1116A,121.7481,39.1311,20180101,12,39
1117A,121.7769,39.0511,20180101,12,41
1606A,121.835,41.1042,20180101,12,12
1234A,121.836,29.9108,20180101,12,164
2201A,121.9462,46.0756,20180101,12,3
1118A,121.9769,39.0631,20180101,12,30
2018A,121.989,39.625,20180101,12,19
2019A,122.011,39.617,20180101,12,29
1982A,122.019,37.187,20180101,12,43
1604A,122.0247,41.1556,20180101,12,19
1981A,122.038,37.197,20180101,12,53
2200A,122.0506,46.0703,20180101,12,5
1605A,122.0539,41.0903,20180101,12,23
3035A,122.0931,46.0707,20180101,12,10
1664A,122.1067,37.5072,20180101,12,71
1662A,122.1206,37.4294,20180101,12,59
1258A,122.122,30.0203,20180101,12,70
1599A,122.1658,40.6789,20180101,12,15
1260A,122.19,29.9944,20180101,12,42
1598A,122.215,40.6511,20180101,12,22
1596A,122.2414,40.6592,20180101,12,19
2191A,122.2532,43.6801,20180101,12,12
2189A,122.2603,43.6267,20180101,12,24
1597A,122.2703,40.7094,20180101,12,19
2190A,122.3039,43.6156,20180101,12,14
1259A,122.3094,29.9558,20180101,12,51
1980A,122.41,37.161,20180101,12,42
1979A,122.471,37.154,20180101,12,54
2236A,122.8211,45.6175,20180101,12,20
2235A,122.8444,45.6289,20180101,12,24
1752A,122.9481,41.0833,20180101,12,37
1749A,123.011,41.0931,20180101,12,24
1753A,123.0156,41.0831,20180101,12,30
1748A,123.044,41.1196,20180101,12,75
1750A,123.0485,41.1442,20180101,12,26
1754A,123.1289,41.0228,20180101,12,61
2215A,123.1417,41.2894,20180101,12,19
2213A,123.15,41.2553,20180101,12,25
2214A,123.1761,41.2736,20180101,12,35
2212A,123.2,41.1953,20180101,12,34
2897A,123.2444,41.7347,20180101,12,30
1108A,123.3783,41.9228,20180101,12,20
1106A,123.3997,41.7972,20180101,12,34
1104A,123.41,41.765,20180101,12,26
1103A,123.428,41.8472,20180101,12,26
1100A,123.439,41.7089,20180101,12,54
1105A,123.478,41.7775,20180101,12,26
1099A,123.535,41.7561,20180101,12,60
2900A,123.5953,41.9086,20180101,12,43
1782A,123.6261,47.203,20180101,12,59
1098A,123.6836,41.9339,20180101,12,35
1760A,123.7117,41.8417,20180101,12,61
2219A,123.7153,42.2217,20180101,12,24
1763A,123.7308,41.3047,20180101,12,129
1762A,123.7528,41.3369,20180101,12,166
1764A,123.7669,41.2864,20180101,12,177
1765A,123.7989,41.2692,20180101,12,318
1755A,123.81,41.8469,20180101,12,82
2216A,123.8139,42.3022,20180101,12,36
1766A,123.8142,41.3472,20180101,12,112
1761A,123.8436,41.3283,20180101,12,258
2218A,123.8489,42.2864,20180101,12,44
2217A,123.8831,42.2953,20180101,12,33
1758A,123.9,41.8594,20180101,12,177
1756A,123.9169,41.8828,20180101,12,90
1780A,123.9305,47.3386,20180101,12,77
1779A,123.9305,47.3636,20180101,12,121
1783A,123.945,47.2988,20180101,12,90
1781A,123.9483,47.3227,20180101,12,99
1759A,124.0878,41.8864,20180101,12,120
2268A,124.1186,50.4269,20180101,12,22
2269A,124.1303,50.4217,20180101,12,6
1600A,124.3303,40.0625,20180101,12,58
2224A,124.3419,43.1747,20180101,12,89
1603A,124.3678,40.1194,20180101,12,54
2225A,124.3711,43.1594,20180101,12,138
2226A,124.3897,43.1847,20180101,12,46
1602A,124.3933,40.1461,20180101,12,45
1601A,124.4256,40.1503,20180101,12,51
2233A,124.8292,45.0878,20180101,12,126
1789A,124.8354,46.0347,20180101,12,265
2234A,124.8528,45.1642,20180101,12,152
1793A,124.8648,46.6219,20180101,12,117
1791A,124.8847,46.3991,20180101,12,74
1790A,125.112,46.528,20180101,12,253
2227A,125.1358,42.8947,20180101,12,156
1792A,125.1386,46.5776,20180101,12,205
2228A,125.1567,42.8953,20180101,12,114
1128A,125.217,43.85,20180101,12,50
1127A,125.25,43.8167,20180101,12,59
1121A,125.2786,43.84,20180101,12,81
1120A,125.287,43.91,20180101,12,73
1119A,125.323,43.9167,20180101,12,63
1123A,125.325,43.8694,20180101,12,91
1122A,125.3649,43.8748,20180101,12,71
1126A,125.417,43.8667,20180101,12,105
1124A,125.454,43.7878,20180101,12,73
1125A,125.633,43.55,20180101,12,80
2229A,125.9361,41.7156,20180101,12,113
2230A,125.9486,41.7381,20180101,12,109
2231A,126.4047,41.9206,20180101,12,97
2232A,126.4078,41.9419,20180101,12,87
2868A,126.4738889,43.95305556,20180101,12,126
1774A,126.4978,43.8228,20180101,12,120
1776A,126.55,43.8256,20180101,12,123
1772A,126.555,43.8875,20180101,12,127
1130A,126.561,45.8167,20180101,12,306
1775A,126.5786,43.8947,20180101,12,102
1773A,126.5844,43.8358,20180101,12,119
1137A,126.593,45.7478,20180101,12,242
1138A,126.615,45.61,20180101,12,120
1140A,126.6206,45.6842,20180101,12,216
1136A,126.646,45.7258,20180101,12,259
1778A,126.6772,43.7256,20180101,12,73
1135A,126.685,45.7319,20180101,12,180
1133A,126.689,45.7733,20180101,12,352
2267A,126.9636,46.6527,20180101,12,101
1131A,126.979,45.5422,20180101,12,143
2266A,126.9934,46.6384,20180101,12,50
2265A,127.4143,50.2538,20180101,12,8
2263A,127.4961,50.2486,20180101,12,13
2264A,127.5044,50.2391,20180101,12,14
2252A,128.8736,47.7222,20180101,12,56
2253A,128.9094,47.7317,20180101,12,49
2239A,129.3675,42.8775,20180101,12,45
2237A,129.4892,42.8939,20180101,12,49
2254A,129.4942,48.4658,20180101,12,24
2238A,129.5042,42.9061,20180101,12,62
1786A,129.5902,44.5952,20180101,12,69
1784A,129.61,44.561,20180101,12,57
1785A,129.6115,44.5782,20180101,12,49
2247A,130.1097,47.3382,20180101,12,8
2245A,130.261,47.2753,20180101,12,16
2244A,130.2659,47.3349,20180101,12,23
2255A,130.2719,46.8025,20180101,12,37
2246A,130.3172,47.3489,20180101,12,12
2257A,130.3258,46.7975,20180101,12,27
2258A,130.3648,46.8032,20180101,12,25
2259A,130.3794,46.7588,20180101,12,22
2256A,130.3961,46.8267,20180101,12,30
2261A,130.8625,45.8194,20180101,12,48
2243A,130.9298,45.2978,20180101,12,25
2262A,130.9467,45.8309,20180101,12,38
2240A,130.962,45.2924,20180101,12,28
2241A,130.9817,45.305,20180101,12,40
2260A,131.0032,45.7677,20180101,12,49
2242A,131.0103,45.2948,20180101,12,33
2250A,131.1516,46.6462,20180101,12,76
2251A,131.1572,46.5888,20180101,12,63
2248A,131.1638,46.6572,20180101,12,79
2249A,131.1651,46.619,20180101,12,66
